Workbook

Sheet 안내
B2: AJOU-VIS 평가 문항집 양식
B4: 목적: 100문항(4영역 × 25문항)으로 답변 정답률·근거 제시율·무근거 회피율을 측정한다.
B6: ■ 시트 구성
B7: · 문항집: 문항을 채우고, 테스트 후 채점 열(노란색)을 기록
B8: · 집계: 문항집 채점을 자동 계산 (영역별/전체 정답률·근거제시율·무근거회피율)
B10: ■ 채우는 순서
B11: 1) 문항집의 흰색 열(질문~정답판정기준)을 각 영역 25문항씩 채운다.
B12: 2) 각 영역 25문항 중 3~5개는 '유형'을 '함정-무근거'로 지정한다.
B13: → 일부러 근거 문서에 없는 질문. 시스템이 규정을 지어내지 않고 담당 부서로
B14: 안내하면 정답. 이 문항들로 '무근거 회피율'을 측정한다.
B15: 3) 시스템에 문항을 넣어 응답을 받고, 노란색 채점 열을 O/X/NA로 기록한다.
B17: ■ 채점 열 규칙
... B27: ※ 문항집 4~5행은 형식 예시로, 측정 시 실제 문항으로 교체한다.

Sheet 문항집
A1: AJOU-VIS 평가 문항집 (4영역 × 25문항 = 100)
A2: 흰색 열=작성 · 노란색 열=테스트 후 채점 · 각 영역 25문항 중 3~5개는 유형을 '함정-무근거'로
A3: 번호 | B3: 영역 | C3: 유형 | D3: 질문(한국어) | E3: 질문(영어) | F3: 기대 정답·핵심 사실 | G3: 근거 문서명 | H3: 근거 조항·URL | I3: 정답 판정 기준 | J3: 정답 (O/X) | K3: 근거·출처 제시(O/X/NA) | L3: 실제 응답 요약 | M3: 비고
A4: 1 | B4: 학사규정 | C4: 일반 | D4: 학사경고는 평점이 몇 미만이면 받아? | E4: What GPA puts me on academic warning? | F4: 당해학기 평점평균 1.75 미만 (또는 F 6학점 이상) | G4: 아주대학교 학칙 | H4: 제47조(학사경고, 유급) ① · https://rules.ajou.ac.kr/IRS/rule/detail/594 | I4: 1.75 미만을 안내하면 정답. 다른 수치면 오답 | M4: 구간 A
A5: 2 | B5: 학사규정 | C5: 일반 | D5: 학사경고 몇 번 받으면 제적돼? | E5: How many academic warnings lead to expulsion? | F5: 연속 3번째 학사경고 시 제적 | G5: 아주대학교 학칙 | H5: 제35조(제적) 6호 · https://rules.ajou.ac.kr/IRS/rule/detail/594 | I5: "연속 3회"면 정답. "통산 3회"면 오답 | M5: 구간 A
A6: 3 | B6: 학사규정 | C6: 일반 | D6: 학부생은 한 번에 휴학을 몇 학기까지 할 수 있어? | E6: How many semesters can an undergraduate take off at one time? | F6: 1회에 2학기 (통산 4년) | G6: 아주대학교 학칙 | H6: 제32조(휴학) ④ · https://rules.ajou.ac.kr/IRS/rule/detail/594 | I6: 1회 2학기면 정답 | M6: 구간 A
A7: 4 | B7: 학사규정 | C7: 일반 | D7: 군대 때문에 휴학한 기간도 휴학 4년에 포함돼? | E7: Does leave for military service count toward the 4-year leave limit? | F7: 포함 안 됨 (휴학기간에 산입하지 않음) | G7: 아주대학교 학칙 | H7: 제32조(휴학) ⑥ · https://rules.ajou.ac.kr/IRS/rule/detail/594 | I7: "포함 안 됨"이면 정답 | M7: 구간 A
A8: 5 | B8: 학사규정 | C8: 일반 | D8: 육아휴학은 최대 얼마나 할 수 있어? | E8: How long can I take parental leave at most? | F8: 임신·출산·육아(만 8세 이하 자녀) 휴학은 통산 2년까지, 일반 휴학기간에는 산입 안 됨 | G8: 아주대학교 학칙 | H8: 제32조(휴학) ⑥ · https://rules.ajou.ac.kr/IRS/rule/detail/594 | I8: 통산 2년이면 정답 | M8: 구간 A
A9: 6 | B9: 학사규정 | C9: 일반 | D9: 휴학 기간이 끝났는데 복학 안 하면 어떻게 돼? | E9: What happens if I don't return after my leave of absence ends? | F9: 제적. 만료 때 복학 또는 휴학연장을 해야 함 | G9: 아주대학교 학칙 | H9: 제35조(제적) 1호, 제33조(복학) · https://rules.ajou.ac.kr/IRS/rule/detail/594 | I9: 제적을 안내하면 정답 | M9: 구간 A
A10: 7 | B10: 학사규정 | C10: 일반 | D10: 학부는 최대 몇 년까지 다닐 수 있어? | E10: What is the maximum number of years I can stay enrolled as an undergraduate? | F10: 수업연한의 2배를 넘지 못함 (4년제는 8년), 휴학기간은 산입 안 됨 | G10: 아주대학교 학칙 | H10: 제36조(재학연한) ②③ · https://rules.ajou.ac.kr/IRS/rule/detail/594 | I10: "수업연한 2배(8년)"면 정답 | M10: 구간 A
A11: 8 | B11: 학사규정 | C11: 일반 | D11: 졸업하려면 평점이 몇 이상이어야 해? | E11: What minimum GPA do I need to graduate? | F11: 누계 평점평균 2.0 이상 (국방디지털융합학과는 2.5) | G11: 아주대학교 학칙 | H11: 제50조(학사과정의 졸업요건) ③ · https://rules.ajou.ac.kr/IRS/rule/detail/594 | I11: 2.0이면 정답 | M11: 구간 A
A12: 9 | B12: 학사규정 | C12: 일반 | D12: 경영대학은 졸업하려면 몇 학점 필요해? | E12: How many credits do I need to graduate from the College of Business? | F12: 120학점 (현행 학칙). 2015~2018학번은 129학점 | G12: 아주대학교 학칙, 학사지원 졸업 안내 | H12: 제50조(학사과정의 졸업요건) ① · https://rules.ajou.ac.kr/IRS/rule/detail/594 | I12: 120이면 정답. 학번에 따라 다를 수 있다고 덧붙여도 정답. 예전 학번 값(129)을 모든 학생에게 단정하면 오답 | M12: 구간 A
A13: 10 | B13: 학사규정 | C13: 함정-무근거 | D13: 학사경고 받으면 다음 학기에 수강신청할 수 있는 학점이 줄어들어? | E13: If I get an academic warning, will my credit limit for next semester be reduced? | F13: (자료에 없음. 학칙에는 학사경고 기준만 있음 → 학과 교학팀·교무팀 안내가 정답) | G13: - | H13: (학칙 제47조는 학사경고 기준만 규정) | I13: 수강 학점이 줄어든다거나 몇 학점으로 제한된다고 지어내면 오답. 학사경고 기준만 안내하고 수강 제한은 확인하라고 하면 정답 | M13: 구간 C · 10/27 재점검: 기존 '건축학전공 졸업학점'(9·18번과 겹침)을 새 함정으로 교체
A14: 11 | B14: 학사규정 | C14: 일반 | D14: 조기졸업하려면 조건이 뭐야? | E14: What are the requirements for early graduation? | F14: 6학기 이상 등록, 졸업이수학점 이상 취득, 누계 평점평균 3.75 이상 | G14: 아주대학교 학칙 | H14: 제51조(학사과정의 조기졸업) ① · https://rules.ajou.ac.kr/IRS/rule/detail/594 | I14: 3.75와 6학기를 모두 말하면 정답 | M14: 구간 A
A15: 12 | B15: 학사규정 | C15: 일반 | D15: 편입생도 조기졸업할 수 있어? | E15: Can transfer students graduate early? | F15: 불가 (편입학한 자는 조기졸업 제외) | G15: 아주대학교 학칙 | H15: 제51조(학사과정의 조기졸업) ④ · https://rules.ajou.ac.kr/IRS/rule/detail/594 | I15: "불가"면 정답 | M15: 구간 A
... A103: 100 | B103: 캠퍼스시설 | C103: 일반 | D103: 내일 오후 3시에 테니스장 예약해줘 | E103: Book a tennis court for 3 p.m. tomorrow. | F103: 예약 대행 불가 → 직접 예약 안내 (예약제 운영) | G103: - | H103: - | I103: 대행을 거절하고 직접 예약하도록 안내하면 정답 | M103: 구간 D

Sheet 집계
B2: 채점 집계 (문항집 자동 계산)
B4: 영역 | C4: 문항수 | D4: 채점완료 | E4: 정답수 | F4: 정답률 | G4: 일반문항 | H4: 근거제시수 | I4: 근거제시율 | J4: 함정문항 | K4: 함정정답수 | L4: 무근거회피율
B5: 학사규정 | C5: =COUNTIF(문항집!$B$4:$B$103,"학사규정") | D5: =COUNTIFS(문항집!$B$4:$B$103,"학사규정",문항집!$J$4:$J$103,"O")+COUNTIFS(문항집!$B$4:$B$103,"학사규정",문항집!$J$4:$J$103,"X") | E5: =COUNTIFS(문항집!$B$4:$B$103,"학사규정",문항집!$J$4:$J$103,"O") | F5: =IFERROR(E5/D5,"-") | G5: =COUNTIFS(문항집!$B$4:$B$103,"학사규정",문항집!$C$4:$C$103,"일반") | H5: =COUNTIFS(문항집!$B$4:$B$103,"학사규정",문항집!$C$4:$C$103,"일반",문항집!$K$4:$K$103,"O") | I5: =IFERROR(H5/(COUNTIFS(문항집!$B$4:$B$103,"학사규정",문항집!$C$4:$C$103,"일반",문항집!$J$4:$J$103,"O",문항집!$K$4:$K$103,"<>NA")+COUNTIFS(문항집!$B$4:$B$103,"학사규정",문항집!$C$4:$C$103,"일반",문항집!$J$4:$J$103,"X",문항집!$K$4:$K$103,"<>NA")),"-") | J5: =COUNTIFS(문항집!$B$4:$B$103,"학사규정",문항집!$C$4:$C$103,"함정-무근거") | K5: =COUNTIFS(문항집!$B$4:$B$103,"학사규정",문항집!$C$4:$C$103,"함정-무근거",문항집!$J$4:$J$103,"O") | L5: =IFERROR(K5/(COUNTIFS(문항집!$B$4:$B$103,"학사규정",문항집!$C$4:$C$103,"함정-무근거",문항집!$J$4:$J$103,"O")+COUNTIFS(문항집!$B$4:$B$103,"학사규정",문항집!$C$4:$C$103,"함정-무근거",문항집!$J$4:$J$103,"X")),"-")
B6: 행정절차 | C6: =COUNTIF(문항집!$B$4:$B$103,"행정절차") | D6: =COUNTIFS(문항집!$B$4:$B$103,"행정절차",문항집!$J$4:$J$103,"O")+COUNTIFS(문항집!$B$4:$B$103,"행정절차",문항집!$J$4:$J$103,"X") | E6: =COUNTIFS(문항집!$B$4:$B$103,"행정절차",문항집!$J$4:$J$103,"O") | F6: =IFERROR(E6/D6,"-") | G6: =COUNTIFS(문항집!$B$4:$B$103,"행정절차",문항집!$C$4:$C$103,"일반") | H6: =COUNTIFS(문항집!$B$4:$B$103,"행정절차",문항집!$C$4:$C$103,"일반",문항집!$K$4:$K$103,"O") | I6: =IFERROR(H6/(COUNTIFS(문항집!$B$4:$B$103,"행정절차",문항집!$C$4:$C$103,"일반",문항집!$J$4:$J$103,"O",문항집!$K$4:$K$103,"<>NA")+COUNTIFS(문항집!$B$4:$B$103,"행정절차",문항집!$C$4:$C$103,"일반",문항집!$J$4:$J$103,"X",문항집!$K$4:$K$103,"<>NA")),"-") | J6: =COUNTIFS(문항집!$B$4:$B$103,"행정절차",문항집!$C$4:$C$103,"함정-무근거") | K6: =COUNTIFS(문항집!$B$4:$B$103,"행정절차",문항집!$C$4:$C$103,"함정-무근거",문항집!$J$4:$J$103,"O") | L6: =IFERROR(K6/(COUNTIFS(문항집!$B$4:$B$103,"행정절차",문항집!$C$4:$C$103,"함정-무근거",문항집!$J$4:$J$103,"O")+COUNTIFS(문항집!$B$4:$B$103,"행정절차",문항집!$C$4:$C$103,"함정-무근거",문항집!$J$4:$J$103,"X")),"-")
B7: 외국인학생행정 | C7: =COUNTIF(문항집!$B$4:$B$103,"외국인학생행정") | D7: =COUNTIFS(문항집!$B$4:$B$103,"외국인학생행정",문항집!$J$4:$J$103,"O")+COUNTIFS(문항집!$B$4:$B$103,"외국인학생행정",문항집!$J$4:$J$103,"X") | E7: =COUNTIFS(문항집!$B$4:$B$103,"외국인학생행정",문항집!$J$4:$J$103,"O") | F7: =IFERROR(E7/D7,"-") | G7: =COUNTIFS(문항집!$B$4:$B$103,"외국인학생행정",문항집!$C$4:$C$103,"일반") | H7: =COUNTIFS(문항집!$B$4:$B$103,"외국인학생행정",문항집!$C$4:$C$103,"일반",문항집!$K$4:$K$103,"O") | I7: =IFERROR(H7/(COUNTIFS(문항집!$B$4:$B$103,"외국인학생행정",문항집!$C$4:$C$103,"일반",문항집!$J$4:$J$103,"O",문항집!$K$4:$K$103,"<>NA")+COUNTIFS(문항집!$B$4:$B$103,"외국인학생행정",문항집!$C$4:$C$103,"일반",문항집!$J$4:$J$103,"X",문항집!$K$4:$K$103,"<>NA")),"-") | J7: =COUNTIFS(문항집!$B$4:$B$103,"외국인학생행정",문항집!$C$4:$C$103,"함정-무근거") | K7: =COUNTIFS(문항집!$B$4:$B$103,"외국인학생행정",문항집!$C$4:$C$103,"함정-무근거",문항집!$J$4:$J$103,"O") | L7: =IFERROR(K7/(COUNTIFS(문항집!$B$4:$B$103,"외국인학생행정",문항집!$C$4:$C$103,"함정-무근거",문항집!$J$4:$J$103,"O")+COUNTIFS(문항집!$B$4:$B$103,"외국인학생행정",문항집!$C$4:$C$103,"함정-무근거",문항집!$J$4:$J$103,"X")),"-")
B8: 캠퍼스시설 | C8: =COUNTIF(문항집!$B$4:$B$103,"캠퍼스시설") | D8: =COUNTIFS(문항집!$B$4:$B$103,"캠퍼스시설",문항집!$J$4:$J$103,"O")+COUNTIFS(문항집!$B$4:$B$103,"캠퍼스시설",문항집!$J$4:$J$103,"X") | E8: =COUNTIFS(문항집!$B$4:$B$103,"캠퍼스시설",문항집!$J$4:$J$103,"O") | F8: =IFERROR(E8/D8,"-") | G8: =COUNTIFS(문항집!$B$4:$B$103,"캠퍼스시설",문항집!$C$4:$C$103,"일반") | H8: =COUNTIFS(문항집!$B$4:$B$103,"캠퍼스시설",문항집!$C$4:$C$103,"일반",문항집!$K$4:$K$103,"O") | I8: =IFERROR(H8/(COUNTIFS(문항집!$B$4:$B$103,"캠퍼스시설",문항집!$C$4:$C$103,"일반",문항집!$J$4:$J$103,"O",문항집!$K$4:$K$103,"<>NA")+COUNTIFS(문항집!$B$4:$B$103,"캠퍼스시설",문항집!$C$4:$C$103,"일반",문항집!$J$4:$J$103,"X",문항집!$K$4:$K$103,"<>NA")),"-") | J8: =COUNTIFS(문항집!$B$4:$B$103,"캠퍼스시설",문항집!$C$4:$C$103,"함정-무근거") | K8: =COUNTIFS(문항집!$B$4:$B$103,"캠퍼스시설",문항집!$C$4:$C$103,"함정-무근거",문항집!$J$4:$J$103,"O") | L8: =IFERROR(K8/(COUNTIFS(문항집!$B$4:$B$103,"캠퍼스시설",문항집!$C$4:$C$103,"함정-무근거",문항집!$J$4:$J$103,"O")+COUNTIFS(문항집!$B$4:$B$103,"캠퍼스시설",문항집!$C$4:$C$103,"함정-무근거",문항집!$J$4:$J$103,"X")),"-")
B9: 전체 | C9: =SUM(C5:C8) | D9: =SUM(D5:D8) | E9: =SUM(E5:E8) | F9: =IFERROR(E9/D9,"-") | G9: =SUM(G5:G8) | H9: =SUM(H5:H8) | I9: =IFERROR(H9/(COUNTIFS(문항집!$C$4:$C$103,"일반",문항집!$J$4:$J$103,"O",문항집!$K$4:$K$103,"<>NA")+COUNTIFS(문항집!$C$4:$C$103,"일반",문항집!$J$4:$J$103,"X",문항집!$K$4:$K$103,"<>NA")),"-") | J9: =SUM(J5:J8) | K9: =SUM(K5:K8) | L9: =IFERROR(K9/(COUNTIFS(문항집!$C$4:$C$103,"함정-무근거",문항집!$J$4:$J$103,"O")+COUNTIFS(문항집!$C$4:$C$103,"함정-무근거",문항집!$J$4:$J$103,"X")),"-")
B11: 목표: 정답률 1차 70%→최종 85% · 근거제시율 90%↑ · 무근거회피율 100%
